api,arguments,return_value,time
execve,"['SUDO_GID=0', 'MAIL=/var/mail/root', 'USER=root', 'HOME=/root', 'SUDO_UID=0', 'LOGNAME=root', 'SYSTEMTAP_MODULE=stap_', 'TERM=unknown', 'SYSTEMTAP_VERBOSE=2', 'PATH=/usr/local/sbin:/usr/local/bin:/usr/sbin:/usr/bin:/sbin:/bin:/snap/bin', 'DISPLAY=:0', 'LANG=en_US.UTF-8', 'XAUTHORITY=/root/.Xauthority', '""SUDO_COMMAND=/usr/bin/staprun -vv -o stap.log /root/.cuck']#/tmp/4811eab5b727d93309d8db651598d9e22bb7f87d385693efdda3576b9b2a56ad#['/tmp/4811eab5b727d93309d8db651598d9e22bb7f87d385693efdda3576b9b2a56ad']",,1653904119.260551
uname,0x7ffd73be6560,0,1653904119.260923
brk,0x0,10649600,1653904119.261023
brk,0xa291c0,10654144,1653904119.263026
arch_prctl,ARCH_SET_FS#10651776,0,1653904119.263116
set_tid_address,0xa28b50,2069,1653904119.263168
set_robust_list,0xa28b60#24,0,1653904119.263218
futex,1#0x7ffd73be673c#0x189,-11,1653904119.26327
rt_sigaction,"0x0#8#0x20#['0x444030', 'SA_SIGINFO|SA_RESTORER', '0x443670', ['EMPTY]']]",0,1653904119.263335
rt_sigaction,"0x0#8#0x21#['0x4440c0', 'SA_RESTART|SA_SIGINFO|SA_RESTORER', '0x443670', ['EMPTY]']]",0,1653904119.263384
rt_sigprocmask,0x0#8#SIG_UNBLOCK#['EMPTY'],0,1653904119.263432
getrlimit,RLIMIT_STACK#0x7ffd73be6720,0,1653904119.263495
brk,0xa4a1c0,10789312,1653904119.263601
brk,0xa4b000,10792960,1653904119.263676
geteuid,,0,1653904119.263753
time,0x7ffd73be6628,1653904119,1653904119.263805
open,/etc/localtime#O_RDONLY|O_CLOEXEC,3,1653904119.263851
fstat,3#0x7ffd73be6410,0,1653904119.263908
fstat,3#0x7ffd73be62a0,0,1653904119.263978
mmap2,PROT_READ|PROT_WRITE#MAP_PRIVATE|MAP_ANONYMOUS#0x0#4096#-1#0,0x7fb25b7d0000,1653904119.264032
read,4096#3#0x7fb25b7d0000,118,1653904119.264099
lseek,SEEK_CUR#3#-62,56,1653904119.264166
read,4096#3#0x7fb25b7d0000,62,1653904119.264207
close,3,0,1653904119.264244
munmap,0x7fb25b7d0000#4096,0,1653904119.264305
write,"41#2#[2022-05-30 09:48:39] Using JSON-RPC 2.0
",41,1653904119.266494
write,"87#2#""/tmp/4811eab5b727d93309d8db651598d9e22bb7f87d""...",87,1653904119.266598
write,"42#2#Try `minerd --help' for more information.
",42,1653904119.266651
exit_group,1,,1653904119.266704
